{
  "name": "Portals",
  "version": "0.7.0",
  "factorio_version" : "1.1",
  "title": "Portals",
  "author": "Bilka",
  "homepage": "https://forums.factorio.com/viewtopic.php?f=93&t=44305",
  "description": "Adds combustible lemons, a portal gun and portals. Each player has their own set of portals that can be used by all players.",
  "package":
  { 
    "scripts":
    {
      "prepackage": "./scripts/extract_changes.sh",
      "postpublish": "./scripts/github_release.sh"
    }
  }
}
